{"cameraMode":{"drawMode":0,"name":"Shaded","section":"Shading Mode"},"sceneLighting":true,"audioPlay":false,"sceneViewState":{"m_AlwaysRefresh":false,"showFog":true,"showSkybox":true,"showFlares":true,"showImageEffects":true,"showParticleSystems":true,"showVisualEffectGraphs":true,"m_FxEnabled":true},"in2DMode":false,"pivot":{"x":-1.6631942987442017,"y":-67.79915618896485,"z":154.06695556640626},"rotation":{"x":0.2606901228427887,"y":-0.11898115277290344,"z":0.032446589320898059,"w":0.9575583338737488},"size":182.70712280273438,"orthographic":false}